{
    "window_size": 6,
    "best_val_loss": 0.004917677957564592,
    "best_val_rmse": 0.07012615744188892,
    "epochs_trained": 107,
    "output_dir": "results/time_ae_train/run_12540139/window_6"
}