{
    "window_size": 7,
    "best_val_loss": 0.007804499473422766,
    "best_val_rmse": 0.08834307824285254,
    "epochs_trained": 109,
    "output_dir": "results/time_ae_train/run_12540139/window_7"
}