{
    "window_size": 7,
    "best_val_loss": 0.0014987998874858022,
    "best_val_rmse": 0.03871433697592924,
    "epochs_trained": 86,
    "output_dir": "results/time_ae_train/run_12540066/window_7"
}